OBJECTID,site_name,site_addr,aff_unit,tot_units,zip_code,state_fp,county_fp,tractce,neighborhood,,,
103,Connecticut Street Court,1206 Connecticut Street,10,10,94107,6,75,980900,Bayview Hunters Point,,,
301,1578 Indiana,1578 INDIANA ST,2,12,94107,6,75,980900,Bayview Hunters Point,,,
201,Pacific Pointe at the Shipyard,350 Friedell Street,59,60,94124,6,75,980600,Bayview Hunters Point,,,
647,John W. King Senior Community,500 Raymond Street,90,91,94134,6,75,980501,McLaren Park,,,
198,Transbay Block 6,280 Beale Street,69,70,94105,6,75,61507,Financial District/South Beach,,,
223,Transbay Block 7,222 Beale Street,119,120,94105,6,75,61507,Financial District/South Beach,,,
497,Rincon Center,88 HOWARD ST,76,320,94105,6,75,61507,Financial District/South Beach,,,
341,Watermark,501 BEALE ST,16,135,94105,6,75,61508,Financial District/South Beach,,,
492,Bayside Village,3 BAYSIDE VILLAGE PL,172,862,94107,6,75,61508,Financial District/South Beach,,,
656,Embarcadero Triangle,600 Embarcadero,167,177,94107,6,75,61508,Financial District/South Beach,,,
284,Embarcadero Lofts,300 BEALE ST,6,67,94105,6,75,61506,Financial District/South Beach,,,
285,Harbor Lofts (AKA 400 Spear),101 HARRISON ST,2,12,94105,6,75,61506,Financial District/South Beach,,,
294,388 Beale,388 BEALE ST,23,23,94105,6,75,61506,Financial District/South Beach,,,
314,The Metropolitan,333-355 1ST ST,34,342,94105,6,75,61506,Financial District/South Beach,,,
295,Bridgeview,400 BEALE ST,24,245,94105,6,75,61504,Financial District/South Beach,,,
410,Rincon Green,333 HARRISON ST,50,326,94105,6,75,61504,Financial District/South Beach,,,
185,Rene Cazenave Apartments,25 Essex Street,120,120,94105,6,75,61503,Financial District/South Beach,,,
222,Transbay Block 8 - Affordable Apartments,250 Fremont Street,150,546,94105,6,75,61503,Financial District/South Beach,,,
238,500 Folsom (also known as Transbay 9),500 Folsom Street,108,109,94105,6,75,61503,Financial District/South Beach,,,
282,81 Lansing,81 LANSING ST,3,33,94105,6,75,61503,Financial District/South Beach,,,
338,69 Clementina,69 CLEMENTINA ST,2,18,94105,6,75,61503,Financial District/South Beach,,,
342,The Lansing,40-50 LANSING ST,10,82,94105,6,75,61503,Financial District/South Beach,,,
438,33 Tehama,41 TEHAMA ST,60,398,94105,6,75,61503,Financial District/South Beach,,,
663,Transbay Block 8 - 80/20 Apartments,498 Folsom Street,70,71,94105,6,75,61503,Financial District/South Beach,,,
127,Yerba Buena Commons,88 Perry Street,256,257,94107,6,75,61502,Financial District/South Beach,,,
178,Arc Light Company,178 Townsend Street,18,18,94107,6,75,61502,Financial District/South Beach,,,
340,88 Townsend (Formerly 639-669 2nd ),88 TOWNSEND ST,13,112,94107,6,75,61502,Financial District/South Beach,,,
413,Arc Light Co. (AKA 21 Clarence),178 TOWNSEND ST,19,94,94107,6,75,61502,Financial District/South Beach,,,
498,South Beach Marina Apartments,2 TOWNSEND ST,101,414,94107,6,75,61502,Financial District/South Beach,,,
666,South Park Scattered Sites,104 South Park Street,105,107,94107,6,75,61502,Financial District/South Beach,,,
668,Park View Hotel,102 South Park Street,40,41,94107,6,75,61502,Financial District/South Beach,,,
669,Madrid Hotel,22 South Park Street,44,45,94107,6,75,61502,Financial District/South Beach,,,
702,Gran Oriente Filipino Hotel,106 SOUTH PARK ST,24,24,94107,6,75,61502,Financial District/South Beach,,,
45,ALL HALLOWS COMMUNITY,1711 Oakdale Ave,45,45,94124,6,75,61200,Bayview Hunters Point,,,
335,4343 3rd,4343 3RD ST,2,16,94124,6,75,61200,Bayview Hunters Point,,,
565,Jelani Family Program,1638 KIRKWOOD AVE,0,8,94124,6,75,61200,Bayview Hunters Point,,,
648,Providence Senior Housing,4699 Third St,50,50,94124,6,75,61200,Bayview Hunters Point,,,
658,Bayview Commons Apartments,4445 Third Street,29,30,94124,6,75,61200,Bayview Hunters Point,,,
566,Chinese American Citizens Alliance Grand Lodge,1044 STOCKTON ST,16,16,94108,6,75,61102,Chinatown,,,
27,International Hotel Sr Housing,848 Kearny St,104,105,94108,6,75,61101,Chinatown,,,
235,Ping Yuen,655 Pacific Ave.,233,234,94133,6,75,61101,Chinatown,,,
262,Clayton Hotel (Chinese Community Housing),657 Clay Street,82,82,94111,6,75,61101,Chinatown,,,
572,665 Clay,665 CLAY ST,25,25,94111,6,75,61101,Chinatown,,,
579,Columbus United Cooperative,53 COLUMBUS AVE,21,21,94111,6,75,61101,Chinatown,,,
192,Candlestick Heights,833 Jamestown Avenue,194,196,94124,6,75,61000,Bayview Hunters Point,,,
398,Bayside Vista,2011 BAYSHORE BLVD,6,64,94134,6,75,61000,Bayview Hunters Point,,,
682,"Candlestick Point - The Cove, Phase I",1 & 101 CRESCENT WAY,14,128,94134,6,75,61000,Bayview Hunters Point,,,
683,Candlestick Cove,101 EXECUTIVE PARK 0,18,150,94134,6,75,61000,Bayview Hunters Point,,,
145,Rich Sorro Commons,150 Berry Street,99,100,94107,6,75,60703,Mission Bay,,,
154,Mission Creek Senior Community,225 Berry Street,139,140,94158,6,75,60703,Mission Bay,,,
551,Avalon At Mission Bay (Tower 2),200-298 BERRY ST,19,313,94158,6,75,60703,Mission Bay,,,
552,Avalon At Mission Bay (Tower 1),255 KING ST,21,510,94107,6,75,60703,Mission Bay,,,
160,Block N5 - Mission Bay aka Crescent Cove,420 Berry Street,234,236,94158,6,75,60702,Mission Bay,,,
308,Metro@Showplace Square,675 TOWNSEND ST,15,148,94107,6,75,60702,Mission Bay,,,
339,888 7th,601 KING ST,170,224,94107,6,75,60702,Mission Bay,,,
423,Potrero 1010,1000 16TH ST,91,453,94107,6,75,60702,Mission Bay,,,
286,1099 Mississippi,1099 MISSISSIPPI ST,1,10,94107,6,75,61402,Potrero Hill,,,
459,645 Texas,645 TEXAS ST,11,91,94107,6,75,61402,Potrero Hill,,,
680,Sierra Heights,639 MISSOURI ST,7,67,94107,6,75,61402,Potrero Hill,,,
704,POTRERO ANNEX,15 Watchman Way,134,143,94107,6,75,61402,Potrero Hill,,,
104,Steamboat Point Apartments,800 The Embarcadero,108,108,94107,6,75,60701,Mission Bay,,,
189,1180 Fourth Street,1180 4th Street,149,150,94158,6,75,60701,Mission Bay,,,
206,Mission Bay Block 7,588 Mission Bay Boulevard North,198,200,94158,6,75,60701,Mission Bay,,,
237,1300 4th Street,626 Mission Bay Boulevard North,142,143,94158,6,75,60701,Mission Bay,,,
251,Mission Bay South Block 6 West,691 China Basin Street,151,152,94158,6,75,60701,Mission Bay,,,
337,170 Off Third,177 TOWNSEND ST,24,198,94107,6,75,60701,Mission Bay,,,
665,1150 Third Street (Mission Bay South Block 3 East),1150 Third Street,118,119,94158,6,75,60701,Mission Bay,,,
260,Sunnydale Velasco,1900 Sunnydale Ave,646,646,94134,6,75,60502,Visitacion Valley,,,
672,2900 Sloat Blvd.,2900 SLOAT BLVD,6,60,94116,6,75,60400,Lakeshore,,,
624,POTRERO TERRACE,1032 Connecticut St,374,375,94107,6,75,61401,Potrero Hill,,,
2,La Playa,770 La Playa Street,13,14,94121,6,75,47904,Outer Richmond,,,
74,Ocean Beach Apartments,720 La Playa Street,84,85,94121,6,75,47904,Outer Richmond,,,
554,Veterans Academy,1030 GIRARD RD,100,108,94129,6,75,60100,Presidio,,,
607,4042 - 4048 Fulton Street,4042 FULTON ST,5,5,94118,6,75,47600,Outer Richmond,,,
292,788 8th,788 08TH AVE,1,10,94118,6,75,45202,Inner Richmond,,,
688,5400 Geary,5400 GEARY ST,4,37,94121,6,75,42602,Outer Richmond,,,
313,745 Clement,741 CLEMENT ST,1,14,94118,6,75,40200,Inner Richmond,,,
618,289 9th Ave-800 Clement,800-810 CLEMENT ST,16,16,94118,6,75,40200,Inner Richmond,,,
215,345 Arguello,345 Arguello Boulevard,68,69,94118,6,75,40100,Inner Richmond,,,
635,369 3rd??Ave,369 3rd Ave,12,0,,6,75,40100,Inner Richmond,,,
626,GREAT HWY,2206-2268 Great Highway,16,16,94116,6,75,35400,Sunset/Parkside,,,
632,3544 Taraval St,3544 Taraval St,6,0,,6,75,35400,Sunset/Parkside,,,
1,St. Peter's Place,420 29th Avenue,19,20,94118,6,75,42700,Outer Richmond,,,
217,491 31st Ave,491 31st Ave.,74,75,94121,6,75,42700,Outer Richmond,,,
529,Richmond Hills Family Center,6324 GEARY BLVD,0,20,94121,6,75,42700,Outer Richmond,,,
679,1311 43rd,1131 43RD AVE,1,12,94122,6,75,35202,Sunset/Parkside,,,
625,NORIEGA,4101 Noriega,8,8,94122,6,75,35201,Sunset/Parkside,,,
310,6900 Geary,6900 GEARY BLVD,2,17,94109,6,75,47802,Outer Richmond,,,
318,6901 Geary,6901 GEARY BLVD,2,15,94103,6,75,47802,Outer Richmond,,,
331,2545 Judah  (AKA 1408 31st),2545 JUDAH ST,2,13,94122,6,75,32700,Sunset/Parkside,,,
643,1382 30th Ave,1382 30th Ave,4,0,,6,75,32700,Sunset/Parkside,,,
689,270-280 Brighton,280 BRIGHTON ST,3,29,94112,6,75,31201,Oceanview/Merced/Ingleside,,,
693,Swords to Plowshares (De Montfort),27/42 DE MONTFORT AVE,15,22,94112,6,75,31201,Oceanview/Merced/Ingleside,,,
545,Monterey Boulevard Apartments,403 MONTEREY BLVD,4,4,94112,6,75,31100,West of Twin Peaks,,,
194,1100 Ocean Avenue Apartments,1100 Ocean Avenue,70,71,94112,6,75,31000,West of Twin Peaks,,,
411,Avalon Ocean,1150 OCEAN AVE,26,173,94112,6,75,31000,West of Twin Peaks,,,
302,Providence,1701 19TH AVE,8,81,94122,6,75,32602,Sunset/Parkside,,,
570,1340 Portola,1340 PORTOLA DR,0,6,94127,6,75,30800,West of Twin Peaks,,,
416,Habitat Terrace,1 CAPITOL AVE,17,28,94112,6,75,31401,Oceanview/Merced/Ingleside,,,
312,Tower Plaza,600 PORTOLA DR,2,15,94127,6,75,30600,West of Twin Peaks,,,
210,255 Woodside,255 Woodside Avenue,108,109,94127,6,75,30500,Twin Peaks,,,
325,OceanView Terrace,8100 OCEANVIEW TER,2,15,94127,6,75,31302,Oceanview/Merced/Ingleside,,,
705,RANDOLPH,200 Randolph/409 Head,16,16,94132,6,75,31302,Oceanview/Merced/Ingleside,,,
8,Park Sunset Apartments,1353 7th Ave,29,30,94122,6,75,30202,Inner Sunset,,,
94,Heritage Homes,248 Rey Street,146,148,94134,6,75,26404,Visitacion Valley,,,
376,Bayshore,2428 BAYSHORE BLVD,12,12,94134,6,75,26403,Visitacion Valley,,,
530,Leland House,141 LELAND AVE,44,45,94134,6,75,26403,Visitacion Valley,,,
348,199 New Montgomery,199 NEW MONTGOMERY ST,18,166,94105,6,75,61501,Financial District/South Beach,,,
381,74 New Montgomery,74 NEW MONTGOMERY ST,11,107,94105,6,75,61501,Financial District/South Beach,,,
555,The Paramount,680 MISSION ST,99,486,94105,6,75,61501,Financial District/South Beach,,,
92,Britton Courts,1250 Sunnydale Avenue,92,92,94134,6,75,26401,Visitacion Valley,,,
147,Carter Terrace,530 Carter Street,100,101,94134,6,75,26302,Excelsior,,,
327,1828 Geneva,1828 GENEVA AVE,6,48,94134,6,75,26302,Excelsior,,,
16,Crocker Amazon Senior Apartments,5199 Mission Street,36,37,94112,6,75,26301,Excelsior,,,
355,888 Paris,965-985 GENEVA AVE,8,67,94112,6,75,26301,Excelsior,,,
279,The Bouganvillea,5810 MISSION ST,3,27,94112,6,75,26201,Outer Mission,,,
276,Ocean View Village,2251 ALEMANY BLVD,2,37,94112,6,75,26100,Outer Mission,,,
400,5050 Mission,5050 MISSION ST,9,61,94112,6,75,26100,Outer Mission,,,
621,4830 Mission,4830 MISSION ST,21,21,94112,6,75,26100,Outer Mission,,,
671,Crystal Villa,555 CAMBRIDGE ST,10,94,94134,6,75,25900,Portola,,,
528,Woolsey Apartments,195 WOOLSEY ST,9,10,94134,6,75,25800,Portola,,,
441,2895 San Bruno,2895 SAN BRUNO AVE,1,10,94134,6,75,25702,Portola,,,
385,55 Trumbull,4 CRAUT ST,2,18,94112,6,75,25600,Excelsior,,,
289,1301 San Jose/Glen Court,1301 SAN JOSE AVE,3,31,94112,6,75,25502,Outer Mission,,,
584,Excelsior Teen Center,4466-4468 MISSION ST,1,1,94112,6,75,25502,Outer Mission,,,
296,70 Ocean,98 OCEAN AVE,2,20,94112,6,75,25501,Outer Mission,,,
319,Mission Terrace Condominiums,1800-1820 SAN JOSE AVE,2,18,94112,6,75,25501,Outer Mission,,,
664,Alemany,938 Ellsworth Avenue,148,150,94110,6,75,25403,Bernal Heights,,,
684,"Candlestick Point - The Cove,  Phase II",301-501 CRESCENT WAY,18,176,94134,6,75,25403,Bernal Heights,,,
701,3800 Mission Street - Small Sites Project,"3800, 3802, 3804 MISSION ST",5,5,94110,6,75,25403,Bernal Heights,,,
90,Market Heights Apartments,211 Putnam Street,45,46,94110,6,75,25402,Bernal Heights,,,
605,3840 Folsom Street,3840 FOLSOM ST,4,4,94110,6,75,25402,Bernal Heights,,,
211,Holly Courts,100 Appleton Avenue,117,118,94110,6,75,25401,Bernal Heights,,,
700,269 & 271 Richland Avenue,269 & 271 RICHLAND AVE,6,6,94110,6,75,25401,Bernal Heights,,,
320,Tiffany Gardens,3249 MISSION ST,3,33,94110,6,75,25300,Bernal Heights,,,
359,Mission Valencia (FNA Valencia Triangle),3184 MISSION ST,2,20,94110,6,75,25300,Bernal Heights,,,
500,Coleridge Park Homes,190 COLERIDGE ST,49,49,94110,6,75,25300,Bernal Heights,,,
539,Planetree Housing Program,152-154 COLERIDGE ST,11,14,94110,6,75,25300,Bernal Heights,,,
611,35 Fair Avenue,29-35 FAIR AVE,4,4,94110,6,75,25300,Bernal Heights,,,
639,3158 Mission (El Rio),3158 Mission St,8,0,,6,75,25300,Bernal Heights,,,
93,Bernal Gateway Apartments,3101 Mission Street,54,55,94110,6,75,25200,Bernal Heights,,,
523,Moultrie House,374 MOULTRIE ST,9,9,94110,6,75,25200,Bernal Heights,,,
532,Precita House,416 PRECITA AVE,5,5,94110,6,75,25200,Bernal Heights,,,
533,Fannie Lou Hamer House,1221 CORTLAND AVE,2,2,94110,6,75,25200,Bernal Heights,,,
598,344-348 Precita Avenue,344- 348 PRECITA AVE,3,3,94110,6,75,25200,Bernal Heights,,,
613,19-23 Precita Avenue - Small Sites,19-23 PRECITA AVE,3,3,94110,6,75,25200,Bernal Heights,,,
599,1500 Cortland,1500 CORTLAND AVE,4,4,94110,6,75,25100,Bernal Heights,,,
186,1075 Le Conte Affordable Housing,1075 Le Conte Avenue,72,73,94124,6,75,23300,Bayview Hunters Point,,,
195,Bayview Senior Housing,1751 Carroll Avenue,120,121,94124,6,75,23300,Bayview Hunters Point,,,
280,Portola Place,2601 NEWHALL ST,24,259,94124,6,75,23300,Bayview Hunters Point,,,
383,5800 Third  - Buildings 1 & 2,5800 03RD ST,17,139,94124,6,75,23300,Bayview Hunters Point,,,
437,5800 Third  - Building 3,5830 03RD ST,20,136,94124,6,75,23300,Bayview Hunters Point,,,
655,Armstrong Place Senior Housing,5600 Third St.,116,116,94124,6,75,23300,Bayview Hunters Point,,,
506,Jelani House,1601 QUESADA AVE,0,13,94124,6,75,23200,Bayview Hunters Point,,,
22,Jackie Robinson Apartments,1340 Hudson Avenue,129,130,94124,6,75,23103,Bayview Hunters Point,,,
26,All Hallows Gardens Apartments,65 Navy Road,156,157,94124,6,75,23103,Bayview Hunters Point,,,
72,Northridge Coop Homes,1 Ardath Ct.,300,300,94124,6,75,23103,Bayview Hunters Point,,,
174,Reardon Heights,8 Reardon Rd.,82,82,94124,6,75,23103,Bayview Hunters Point,,,
183,Hunters View Phase I,227 West Point Road,107,107,94124,6,75,23103,Bayview Hunters Point,,,
200,Hunters View Phase IIa,112 Middle Point Road,106,107,94124,6,75,23103,Bayview Hunters Point,,,
204,Hunters View Block 10,112 Middle Point Road,71,72,94124,6,75,23103,Bayview Hunters Point,,,
228,Westbrook Apartments,90 Kiska Road,221,223,94124,6,75,23103,Bayview Hunters Point,,,
631,Hunters Point East West (Site B),798 Jerrold Ave,0,0,94124,6,75,23103,Bayview Hunters Point,,,
662,Hunters Point East West (Site A),1068 Oakdale Ave,211,213,94124,6,75,23103,Bayview Hunters Point,,,
10,Ridgeview Terrace,140 Cashmere Street,100,101,94124,6,75,23102,Bayview Hunters Point,,,
19,Bayview Apartments,5 Commer Court,143,146,94124,6,75,23102,Bayview Hunters Point,,,
64,La Salle Apartments,30 Whitfield Court,140,145,94124,6,75,23102,Bayview Hunters Point,,,
82,Shoreview Apartments,35 Lillian Street,152,156,94124,6,75,23102,Bayview Hunters Point,,,
84,"Unity, Peace & Freedom",220 Cashmere St,88,94,94124,6,75,23102,Bayview Hunters Point,,,
670,100 Diana,100 DIANA ST,3,18,94131,6,75,23003,Bayview Hunters Point,,,
49,Betel Apartments,1227 Hampshire Street,35,50,94110,6,75,22903,Mission,,,
122,Good Samaritan Family Apartments,1290 Potrero Avenue,19,20,94110,6,75,22903,Mission,,,
525,2782 24th,2782 24TH ST,3,3,94110,6,75,22903,Mission,,,
484,Bryant Street Apartments,2800 BRYANT ST,7,7,94110,6,75,22902,Mission,,,
537,Magdalena Mora House,2973 26TH ST,2,2,94110,6,75,22902,Mission,,,
612,1411 Florida Street,1411 FLORIDA ST,7,7,94110,6,75,22902,Mission,,,
245,1296 Shotwell Senior Housing,1296 Shotwell Street,93,94,94110,6,75,22901,Mission,,,
256,Casa de la Mision,3001 24th Street,44,45,94110,6,75,22901,Mission,,,
517,3019 23rd,3019 23RD ST,5,6,94110,6,75,22901,Mission,,,
590,Pigeon Palace,2840-2848 FOLSOM ST,6,6,94110,6,75,22901,Mission,,,
604,3182-3198 24th Street,3182 -3198 24TH ST,8,8,94110,6,75,22901,Mission,,,
608,1015 Shotwell,1015 SHOTWELL ST,10,10,94110,6,75,22901,Mission,,,
629,Esperanza & Colosimo Apartments (Site B),3298 25th St,0,0,94110,6,75,22901,Mission,,,
660,Bernal Dwellings,3138 Ceasar Chavez,159,160,94110,6,75,22901,Mission,,,
246,2675 Folsom Street,2675 Folsom Street,24,117,94110,6,75,22803,Mission,,,
358,3000 23rd,2690 HARRISON ST,7,54,94110,6,75,22803,Mission,,,
595,Merry Go Round House - Small Sites,2976 23RD ST,14,14,94110,6,75,22803,Mission,,,
164,Alabama Street Senior Housing,655 Alabama Street,24,24,94110,6,75,22801,Mission,,,
165,Alabama Street Family Housing,2949 18th Street,92,93,94110,6,75,22801,Mission,,,
357,Union,2101 BRYANT ST,9,76,94110,6,75,22801,Mission,,,
388,Mosaica 601,601 ALABAMA ST,21,34,94110,6,75,22801,Mission,,,
494,Women's Hope,2261 BRYANT ST,10,16,94110,6,75,22801,Mission,,,
606,3329-3333 20th Street,3329-3333 20TH ST,10,10,94110,6,75,22801,Mission,,,
278,1130 Mariposa,1130 MARIPOSA ST,2,23,94109,6,75,22702,Potrero Hill,,,
447,1001 17th  (aka 140 Pennsylvania),1001 17TH ST,5,37,94107,6,75,22702,Potrero Hill,,,
275,Potrero Square,701 MINNESOTA ST,5,58,94107,6,75,22600,Potrero Hill,,,
329,638 19th,638 19TH ST,2,18,94107,6,75,22600,Potrero Hill,,,
363,Millwheel South,1275-1301 INDIANA ST,4,32,94107,6,75,22600,Potrero Hill,,,
364,Millwheel North,1275-1301 INDIANA ST,5,39,94107,6,75,22600,Potrero Hill,,,
405,Potrero Launch,2235 03RD ST,39,196,94107,6,75,22600,Potrero Hill,,,
421,616 20th,616 20TH ST,2,16,94107,6,75,22600,Potrero Hill,,,
433,Gantry,2121 03RD ST,18,105,94107,6,75,22600,Potrero Hill,,,
454,Abaca,1201-1225 TENNESSEE ST,34,259,94107,6,75,22600,Potrero Hill,,,
457,The Martin,2051 03RD ST,12,93,94107,6,75,22600,Potrero Hill,,,
461,815-825 Tennessee,815-825 TENNESSEE ST,10,69,94107,6,75,22600,Potrero Hill,,,
467,777 Tennessee,777 TENNESSEE ST,8,59,94107,6,75,22600,Potrero Hill,,,
482,Tennessee Street Housing Corporation,712 TENNESSEE ST,6,6,94107,6,75,22600,Potrero Hill,,,
661,2235 Third Street,2235 Third Street,36,36,94107,6,75,22600,Potrero Hill,,,
690,O&M,650 INDIANA ST,16,111,94107,6,75,22600,Potrero Hill,,,
332,Glen Park Marketplace,53 WILDER ST,2,15,94131,6,75,21800,Glen Park,,,
351,Silver Park,901-933 BAYSHORE BLVD,4,40,94124,6,75,23001,Bayview Hunters Point,,,
25,Diamond View Apts,296 Addison St,58,58,94131,6,75,21700,Glen Park,,,
60,Glenridge Apartments,137 Addison St,209,275,94131,6,75,21700,Glen Park,,,
241,1601 Mariposa Street - 80/20 Apartments,1601 Mariposa Street,60,61,94107,6,75,22704,Potrero Hill,,,
274,18th & Arkansas,300 ARKANSAS ST,6,61,94107,6,75,22704,Potrero Hill,,,
300,945 Vermont,929 VERMONT ST,1,10,94107,6,75,22704,Potrero Hill,,,
349,The Potrero,450 RHODE ISLAND ST,20,165,94107,6,75,22704,Potrero Hill,,,
419,"Onyx, Phase I",1717 17TH ST,2,20,94103,6,75,22704,Potrero Hill,,,
535,Goodman 2 Art Complex,1695 18TH ST,5,29,94107,6,75,22704,Potrero Hill,,,
446,480 Potrero,480 POTRERO AVE,11,75,94110,6,75,22802,Mission,,,
653,Mariposa Gardens,500 Potrero Street,62,63,94110,6,75,22802,Mission,,,
14,Vista Del Monte Apartments,49 Goldmine Drive,104,104,94131,6,75,21600,Noe Valley,,,
51,Casa De Vida,5157 Diamond Heights Blvd,21,21,94131,6,75,21600,Noe Valley,,,
290,St. Paul's Commons,317 29TH ST,4,36,94131,6,75,21500,Noe Valley,,,
378,1598 Dolores,1598 DOLORES ST,1,13,94110,6,75,21500,Noe Valley,,,
615,60 28th Street,60 28TH ST,6,6,94110,6,75,21500,Noe Valley,,,
291,Clipper,672-676 B CLIPPER ST,2,24,94114,6,75,21300,Noe Valley,,,
673,3930 24th,3922-32 24TH ST,2,19,94114,6,75,21100,Noe Valley,,,
17,Bethany Center,580 Capp St,123,135,94110,6,75,20801,Mission,,,
50,Casa De La Raza,90 Bartlett St,51,51,94110,6,75,20801,Mission,,,
123,Juan Pifarre Plaza,3101 21st Street,29,30,94110,6,75,20801,Mission,,,
617,305 San Carlos,305 SAN CARLOS ST,12,12,94110,6,75,20801,Mission,,,
620,654-658 Capp,654-658 CAPP ST,7,7,94110,6,75,20801,Mission,,,
288,39 Boardman Place,39-43 BOARDMAN PL,1,14,94103,6,75,18000,South of Market,,,
361,8 McLea Court,8 MCLEA CT,3,102,94103,6,75,18000,South of Market,,,
373,77 Bluxome,77 BLUXOME ST,10,102,94107,6,75,18000,South of Market,,,
377,Galvin Apartments,785-787 BRANNAN ST,56,56,94103,6,75,18000,South of Market,,,
442,855 Brannan,801 BRANNAN ST,55,432,94103,6,75,18000,South of Market,,,
556,TIHDI: TISH Phases 1 & 2,1403 STURGEON ST,66,66,94130,6,75,17903,Treasure Island,,,
557,TIHDI: Female Offender Treatment and Education Program,1440 CHINOOK CT,0,6,94130,6,75,17903,Treasure Island,,,
558,TIHDI: 1445 Chinook,1445 CHINOOK CT,0,6,94130,6,75,17903,Treasure Island,,,
559,Halibut Court,1432 HALIBUT CT,0,24,94130,6,75,17903,Treasure Island,,,
563,TIHDI: Island Bay Homes,1411 FLOUNDER CT,68,70,94130,6,75,17903,Treasure Island,,,
667,Maceo May Apartments,401 Avenue of the Palms,104,105,94130,6,75,17903,Treasure Island,,,
696,Chinook Family Apartments,1441 & 1443 CHINOOK CT,12,12,94130,6,75,17903,Treasure Island,,,
697,TIHDI: CHP Villages,410 AVENUE OF THE PALMS,43,44,94130,6,75,17903,Treasure Island,,,
316,149 Fair Oaks,149 FAIR OAKS ST,1,12,94110,6,75,21000,Mission,,,
472,1198 Valencia,1188 VALENCIA ST,6,49,94110,6,75,21000,Mission,,,
592,380 San Jose Avenue,380 SAN JOSE AVE,4,4,94110,6,75,21000,Mission,,,
43,Abel Gonzales Apartments,1045 Capp Street,30,30,94110,6,75,20900,Mission,,,
105,Del Carlo Court,3330 Cesar Chavez Street,25,25,94110,6,75,20900,Mission,,,
399,555 Bartlett,3400 CESAR CHAVEZ ST,9,58,94110,6,75,20900,Mission,,,
483,Capp Street Apartments,890 CAPP ST,4,4,94110,6,75,20900,Mission,,,
549,26th Street Cooperative Apartments,3327-3331 26TH ST,0,10,94110,6,75,20900,Mission,,,
614,3353 26th Street - Small Sites,3353 26TH ST,10,10,94110,6,75,20900,Mission,,,
638,3254 23rd St,3254-3264 23rd St,6,0,,6,75,20900,Mission,,,
641,3225 24th??St,3225 24th St,6,0,,6,75,20900,Mission,,,
32,Alcantara Court,670 Valencia Street,50,50,94103,6,75,20702,Mission,,,
39,Esperanza & Colosimo Apartments (Site A),3590 19th Street,49,50,94110,6,75,20702,Mission,,,
321,Chelsea Park,3620 19TH ST,5,39,94110,6,75,20702,Mission,,,
596,642-646 Guerrero Street,642-646 GUERRERO ST,4,4,94110,6,75,20702,Mission,,,
609,63-67 Lapidge Street,63-67 LAPIDGE ST,6,6,94110,6,75,20702,Mission,,,
512,St. Joseph's Family Shelter,899 GUERRERO ST,0,10,94110,6,75,20701,Mission,,,
24,Monsignor Lyne Community,118 Diamond St,19,20,94114,6,75,20500,Castro/Upper Market,,,
199,2175 Market Street Apartments,2175 Market Street,19,88,94114,6,75,20300,Castro/Upper Market,,,
266,Padre Palou Community,3400 16th Street,18,18,94114,6,75,20300,Castro/Upper Market,,,
356,8 Landers,8 LANDERS ST,1,14,94114,6,75,20300,Castro/Upper Market,,,
516,Richard M. Cohen Residence,220 DOLORES ST,9,10,94114,6,75,20300,Castro/Upper Market,,,
569,214 Dolores,214 DOLORES ST,8,8,94114,6,75,20300,Castro/Upper Market,,,
627,363 NOE,363 Noe St,22,22,94114,6,75,20300,Castro/Upper Market,,,
58,Francis of Assisi Community,145 Guerrero Street,108,110,94103,6,75,20202,Mission,,,
156,Valencia Gardens HOPE VI Development,340 Valencia Street,259,260,94103,6,75,20202,Mission,,,
297,Carlin Senior Apartments,286 VALENCIA ST,4,36,94103,6,75,20202,Mission,,,
328,222 Valencia,222 VALENCIA ST,1,10,94103,6,75,20202,Mission,,,
344,Valencia 270,270-284 VALENCIA ST,3,28,94103,6,75,20202,Mission,,,
426,25-35 Dolores,25-35 DOLORES ST,4,37,94103,6,75,20202,Mission,,,
587,151 Duboce,149-151 DUBOCE AVE,4,4,94103,6,75,20202,Mission,,,
18,Notre Dame Plaza,347 Dolores St,65,66,94110,6,75,20201,Mission,,,
114,Plaza del Sol,440 Valencia Street,59,58,94103,6,75,20201,Mission,,,
130,Apollo Hotel,422 Valencia Street,80,81,94103,6,75,20201,Mission,,,
226,Mission Dolores,1855 15th Street,90,91,94103,6,75,20201,Mission,,,
547,Hazel Betsey,3554 17TH ST,9,9,94110,6,75,20201,Mission,,,
561,Cameo House,424 GUERRERO ST,11,11,94110,6,75,20201,Mission,,,
70,Mission Plaza Apartments,2027 Mission St,132,132,94110,6,75,20102,Mission,,,
101,Maria Alicia,3090 16th Street,20,20,94103,6,75,20102,Mission,,,
121,The Altamont Hotel,3048 16th Street,88,89,94103,6,75,20102,Mission,,,
247,1950 Mission Street,1950 Mission Street,155,157,94103,6,75,20102,Mission,,,
252,490 South Van Ness Ave,490 South Van Ness Ave,80,81,94103,6,75,20102,Mission,,,
267,Dunleavy Plaza,36 Hoff Street,49,49,94110,6,75,20102,Mission,,,
272,550 South Van Ness,550 SOUTH VAN NESS AVE,8,36,94110,6,75,20102,Mission,,,
299,Las Casitas,88 HOFF ST,6,60,94110,6,75,20102,Mission,,,
374,1587 15th,1905 MISSION ST,3,24,94110,6,75,20102,Mission,,,
389,566 South Van Ness,566 SOUTH VAN NESS AVE,4,34,94110,6,75,20102,Mission,,,
422,411 Valencia,411 VALENCIA ST,2,16,94410,6,75,20102,Mission,,,
424,Fifteen Fifteen,1501 15TH ST,7,40,94110,6,75,20102,Mission,,,
488,2945 16th,2945 16TH ST,5,8,94110,6,75,20102,Mission,,,
577,Mission Hotel,520 SOUTH VAN NESS AVE,244,244,94110,6,75,20102,Mission,,,
601,Garden Court Apartments,1637 15TH ST,16,16,94103,6,75,20102,Mission,,,
619,3280 17th Street,3280 17TH ST,8,11,94110,6,75,20102,Mission,,,
85,Vincentian Villa,1825 Mission St,72,124,94103,6,75,20101,Mission,,,
179,Veterans Commons,150 Otis Street,75,76,94103,6,75,20101,Mission,,,
264,Friendship House Healing Center,56 Julian Avenue,20,22,94103,6,75,20101,Mission,,,
281,68 McCoppin,68 MCCOPPIN ST,1,12,94103,6,75,20101,Mission,,,
306,140 South Van Ness / 1655 Mission,140 SOUTH VAN NESS AVE,23,223,94103,6,75,20101,Mission,,,
408,299 Valencia,299 VALENCIA ST,4,36,94110,6,75,20101,Mission,,,
415,Vara,1880-1886 MISSION ST,40,202,94110,6,75,20101,Mission,,,
440,1875 Mission,1875 MISSION ST,6,39,94110,6,75,20101,Mission,,,
489,Casa Quezada,35 WOODWARD ST,52,52,94103,6,75,20101,Mission,,,
499,Carmelita Apartments,391 VALENCIA ST,24,40,94103,6,75,20101,Mission,,,
504,1738 Mission,1738 MISSION ST,7,10,94103,6,75,20101,Mission,,,
644,1353 Stevenson,1353 Stevenson St,7,0,,6,75,20101,Mission,,,
703,65-69 Woodward,65-69 WOODWARD AVE,6,6,94103,6,75,20101,Mission,,,
97,Bill Sorro Community,1009 Howard Street,66,67,94103,6,75,17804,South of Market,,,
113,The Knox SRO,241 6th Street,140,140,94103,6,75,17804,South of Market,,,
119,Columbia Park Apartments,21 Columbia Square Street,49,50,94103,6,75,17804,South of Market,,,
120,1101 Howard Street,1101 Howard Street,34,34,94103,6,75,17804,South of Market,,,
172,Westbrook Plaza,255 7th Street,48,49,94103,6,75,17804,South of Market,,,
334,The Folsom Lantern,1168-1174 FOLSOM ST,1,22,94103,6,75,17804,South of Market,,,
350,436 Clementina,436 CLEMENTINA ST,3,20,94103,6,75,17804,South of Market,,,
369,475 Tehama,475 TEHAMA ST,1,12,94103,6,75,17804,South of Market,,,
379,470 Clementina,470 CLEMENTINA ST,1,12,94103,6,75,17804,South of Market,,,
397,75 Moss,75 MOSS ST,1,14,94103,6,75,17804,South of Market,,,
417,Mosso,900 FOLSOM ST,42,281,94103,6,75,17804,South of Market,,,
418,Mosso,260 05TH ST,27,182,94103,6,75,17804,South of Market,,,
463,1140 Folsom,1140 FOLSOM ST,13,112,94103,6,75,17804,South of Market,,,
471,236-238 Shipley,236-238 SHIPLEY ST,2,15,94107,6,75,17804,South of Market,,,
486,70 Moss,70 MOSS ST,3,5,94103,6,75,17804,South of Market,,,
150,Folsom/Dore Apartments,75 Dore Street,96,98,94103,6,75,17803,South of Market,,,
171,Bishop Swing Community House,275 10th Street,134,135,94103,6,75,17803,South of Market,,,
353,1277 Howard /776 Tehama,1277 HOWARD ST,2,14,94103,6,75,17803,South of Market,,,
380,30 Dore,30 DORE ST,4,42,94103,6,75,17803,South of Market,,,
439,L Seven,1222 HARRISON ST,62,410,94103,6,75,17803,South of Market,,,
451,1335 Folsom,1335 FOLSOM ST,7,53,94103,6,75,17803,South of Market,,,
475,241 10th Street (La Maison Soma),241 10TH ST,3,28,94103,6,75,17803,South of Market,,,
593,1353-1357 Folsom Street,1353 FOLSOM ST,3,3,94103,6,75,17803,South of Market,,,
4,Eugene Coleman Com. House,328 Tehama St,85,85,94103,6,75,17801,South of Market,,,
37,The Salvation Army SF Silvercrest Residence,133 Shipley Street,254,257,94107,6,75,17801,South of Market,,,
44,Alexis Apartments,390 Clementina St,132,206,94103,6,75,17801,South of Market,,,
52,Ceatrice Polite Apartments,321 Clementina Street,90,91,94103,6,75,17801,South of Market,,,
80,San Lorenzo Ruiz Center,50 Rizal St,145,147,94107,6,75,17801,South of Market,,,
99,Woolf House,801 Howard Street,181,182,94103,6,75,17801,South of Market,,,
231,320 & 330 Clementina,320 Clementina Street,274,276,94103,6,75,17801,South of Market,,,
303,Yerba Buena Lofts,855 FOLSOM ST,20,200,94107,6,75,17801,South of Market,,,
370,Shipley Square,821 FOLSOM ST,8,78,94107,6,75,17801,South of Market,,,
412,870 Harrison,870 HARRISON ST,4,26,94107,6,75,17801,South of Market,,,
470,750 Harrison,750 HARRISON ST,9,79,94107,6,75,17801,South of Market,,,
501,Mendelsohn House,737 FOLSOM ST,189,189,94107,6,75,17801,South of Market,,,
244,1500 Mission Street - 80/20 Apartments,1500 Mission Street,110,110,94103,6,75,17700,Mission,,,
248,2060 Folsom Family Housing,2060 Folsom Street,126,127,94110,6,75,17700,Mission,,,
253,1990 Folsom,1990 Folsom Street,142,143,94103,6,75,17700,Mission,,,
425,2421 16th,2401 16TH ST,1,12,94110,6,75,17700,Mission,,,
458,346 Potrero,346 POTRERO AVE,11,70,94103,6,75,17700,Mission,,,
478,1500 Mission St,1500 MISSION ST,110,550,94103,6,75,17700,Mission,,,
507,Casa Aviva,1724 BRYANT ST,4,4,94110,6,75,17700,Mission,,,
602,Howard Street Apartments,1601 HOWARD ST,12,12,94103,6,75,17700,Mission,,,
225,3850 18th Street,3850 18th Street,106,107,94114,6,75,20601,Castro/Upper Market,,,
224,1036 Mission Family Housing,1036 Mission Street,83,83,94103,6,75,17604,South of Market,,,
258,1064 Mission Permanent Supportive Housing,1064 Mission Street,256,258,94103,6,75,17604,South of Market,,,
354,SOMA Grand,1160 MISSION ST,29,246,94103,6,75,17604,South of Market,,,
390,"Trinity Plaza Apartments, Phase III",33 8TH ST,82,540,94103,6,75,17604,South of Market,,,
394,"Trinity Plaza Apartments, Phase II (Building B)",1167 MARKET ST,63,418,94103,6,75,17604,South of Market,,,
395,"Trinity Plaza Apartments, Phase I (Building A)",1167 MARKET ST,12,440,94103,6,75,17604,South of Market,,,
407,570 Jessie,570 JESSIE ST,6,47,94103,6,75,17604,South of Market,,,
435,527-529 Stevenson,527-529 STEVENSON ST,9,60,94103,6,75,17604,South of Market,,,
474,Stage 1075,1075 MARKET ST,11,90,94103,6,75,17604,South of Market,,,
574,Seneca Hotel,32-40 6TH ST,88,202,94103,6,75,17604,South of Market,,,
580,Baldwin House Hotel,72-76 6TH ST,10,207,94103,6,75,17604,South of Market,,,
581,Winsor Hotel,20 6TH ST,4,51,94103,6,75,17604,South of Market,,,
622,1049 Market Street,1049 MARKET ST,15,15,94103,6,75,17604,South of Market,,,
659,The Bayanihan House,88 Sixth Street,151,152,94103,6,75,17604,South of Market,,,
109,Canon Kip Community House,705 Natoma Street,103,104,94103,6,75,17603,South of Market,,,
134,Canon Barcus Community House,670 Natoma Street,47,48,94103,6,75,17603,South of Market,,,
137,SOMA Studios,1166 Howard Street,88,88,94103,6,75,17603,South of Market,,,
140,8th and Howard Family Apartments,1166 Howard Street,73,74,94103,6,75,17603,South of Market,,,
168,10th and Mission Family Housing,1390 Mission Street,135,136,94103,6,75,17603,South of Market,,,
324,1234 Howard,1234 HOWARD ST,2,18,94103,6,75,17603,South of Market,,,
375,788 Minna,121 09TH ST,2,18,94103,6,75,17603,South of Market,,,
409,Olume,1415 MISSION ST,18,121,94103,6,75,17603,South of Market,,,
431,AVA 55 9th,55 09TH ST,33,273,94103,6,75,17603,South of Market,,,
449,1400 Mission,1400 MISSION ST,167,190,94103,6,75,17603,South of Market,,,
477,915 Minna,915 MINNA ST,6,46,94103,6,75,17603,South of Market,,,
511,El Dorado Hotel,150 9TH ST,43,57,94103,6,75,17603,South of Market,,,
564,SOMA Family Apts (8th & Howard),1166 HOWARD ST,74,74,94103,6,75,17603,South of Market,,,
650,Edith Witt Senior Community,66 Ninth Street,106,107,94103,6,75,17603,South of Market,,,
685,"NEMA, Phase I (South & North Tower)",1407-1435 MARKET ST,38,317,94103,6,75,17603,South of Market,,,
686,"NEMA, Phase II (North Tower)",1407-1435 MARKET ST,52,437,94103,6,75,17603,South of Market,,,
699,Washburn Hotel,38-42 WASHBURN ST,22,22,94103,6,75,17603,South of Market,,,
9,Leland Apartments,980 Howard St,24,24,94103,6,75,17602,South of Market,,,
108,Minna Street Apartments,518 Minna Street,23,24,94103,6,75,17602,South of Market,,,
112,1028 Howard Street Apartments,1028 Howard Street,30,30,94103,6,75,17602,South of Market,,,
116,Gabreila Apartments,587 Natoma Street,29,29,94103,6,75,17602,South of Market,,,
128,479 Natoma Street,479 Natoma Street,30,30,94103,6,75,17602,South of Market,,,
131,Hotel Grand Southern,1095 Mission Street,73,75,94103,6,75,17602,South of Market,,,
132,Minna Park Family Apartments,535 Minna Street,26,26,94103,6,75,17602,South of Market,,,
141,1045 Mission Apartments,1045 Mission Street,55,278,94103,6,75,17602,South of Market,,,
143,The Dudley,172 6th Street,74,75,94103,6,75,17602,South of Market,,,
153,Plaza Apartments,988 Howard Street,106,106,94103,6,75,17602,South of Market,,,
188,Natoma Family Apartments,474 Natoma Street,59,60,94103,6,75,17602,South of Market,,,
365,6 Mint Plaza,418-420 JESSIE ST,3,25,94103,6,75,17602,South of Market,,,
384,Wilson Building,973 MARKET ST,7,67,94102,6,75,17602,South of Market,,,
386,410 Jessie,410 JESSIE ST,2,24,94103,6,75,17602,South of Market,,,
427,537 Natoma,537 NATOMA ST,1,13,94103,6,75,17602,South of Market,,,
429,574 Natoma,574 NATOMA ST,2,11,94103,6,75,17602,South of Market,,,
586,534-536 Natoma St,534-536 NATOMA ST,4,5,94103,6,75,17602,South of Market,,,
597,568-570 Natoma Street,568-570 NATOMA ST,5,5,94103,6,75,17602,South of Market,,,
645,566 Natoma,566 Natoma St,5,0,,6,75,17602,South of Market,,,
657,Rose Hotel,125 Sixth Street,75,76,94103,6,75,17602,South of Market,,,
578,Walden House,815 BUENA VISTA AVE,0,0,94117,6,75,17101,Haight Ashbury,,,
208,25 Sanchez,25 Sanchez Street,89,90,94114,6,75,16900,Castro/Upper Market,,,
406,The Century,2200 MARKET ST,3,22,94114,6,75,16900,Castro/Upper Market,,,
453,Duboce,2198 MARKET ST,10,87,94114,6,75,16900,Castro/Upper Market,,,
540,Maitri,401 DUBOCE AVE,0,15,94114,6,75,16900,Castro/Upper Market,,,
594,70-72C Belcher Street,70 BELCHER ST,5,5,94114,6,75,16900,Castro/Upper Market,,,
33,Octavia Court,261 Octavia St,14,15,94102,6,75,16802,Hayes Valley,,,
124,Hayes Valley South,401 Rose St.,109,110,,6,75,16802,Hayes Valley,,,
148,Derek Silva Community,20 Franklin Street,68,68,94103,6,75,16802,Hayes Valley,,,
393,Venn,1844 MARKET ST,14,113,94102,6,75,16802,Hayes Valley,,,
428,1600 Market,1600 MARKET ST,23,24,94102,6,75,16802,Hayes Valley,,,
430,The Hayes,55 PAGE ST,17,128,94102,6,75,16802,Hayes Valley,,,
464,1 Franklin,1 FRANKLIN ST,4,35,94102,6,75,16802,Hayes Valley,,,
476,22 Franklin,22 FRANKLIN ST,4,35,94102,6,75,16802,Hayes Valley,,,
524,Clara House,111 PAGE ST,13,13,94102,6,75,16802,Hayes Valley,,,
542,Walden Adolescent,214 HAIGHT ST,0,64,94102,6,75,16802,Hayes Valley,,,
603,Haight Street Apartments,398 HAIGHT ST,7,12,94102,6,75,16802,Hayes Valley,,,
687,8 Octavia,43941 OCTAVIA BLVD,7,47,94102,6,75,16802,Hayes Valley,,,
57,Fair Oaks Apartments,799 Oak St,20,20,94117,6,75,16801,Hayes Valley,,,
146,One Church Street Apartments,1 Church Street,92,93,94114,6,75,16801,Hayes Valley,,,
196,Richardson Hall,55 Laguna Street,39,40,94102,6,75,16801,Hayes Valley,,,
209,462 Duboce,462 Duboce Avenue,41,42,94117,6,75,16801,Hayes Valley,,,
239,95 Laguna Senior Housing,95 Laguna Street,79,79,94102,6,75,16801,Hayes Valley,,,
436,Alchemy by Alta,218-220 BUCHANAN ST,50,330,94102,6,75,16801,Hayes Valley,,,
462,690 Page,690 PAGE ST,1,12,94117,6,75,16801,Hayes Valley,,,
77,Page/Holloway Apartments,992 Page St,15,15,94117,6,75,16700,Haight Ashbury,,,
277,Haight  Lofts,645 HAIGHT ST,3,20,94117,6,75,16700,Haight Ashbury,,,
567,Pierce Street Apartments,220 PIERCE ST,8,8,94117,6,75,16700,Haight Ashbury,,,
28,Buena Vista Terrace,1250 Haight Street,39,40,94117,6,75,16601,Haight Ashbury,,,
98,Mercy Arc Housing,1500 Page Street,16,17,94117,6,75,16601,Haight Ashbury,,,
69,MERCY TERRACE,333 Baker St,158,158,94117,6,75,16500,Lone Mountain/USF,,,
503,Mercy Family Plaza,1509 HAYES ST,22,36,94117,6,75,16500,Lone Mountain/USF,,,
534,Hamilton Family Transitional Program,1631 HAYES ST,19,20,94117,6,75,16500,Lone Mountain/USF,,,
536,Ashbury House,212 ASHBURY ST,0,1,94117,6,75,16500,Lone Mountain/USF,,,
591,1684-1688 Grove Street,1684 GROVE ST,3,3,94117,6,75,16500,Lone Mountain/USF,,,
636,239 Clayton St,239 Clayton St,8,0,,6,75,16500,Lone Mountain/USF,,,
640,2157 Grove St,2157 Grove St,9,0,,6,75,16500,Lone Mountain/USF,,,
347,Broderick Place,1275 FELL ST,8,70,94117,6,75,16400,Hayes Valley,,,
589,964-966 Oak Street,964-966 OAK ST,10,0,94117,6,75,16400,Hayes Valley,,,
5,Banneker Homes,765 Fulton Street,108,108,94102,6,75,16300,Hayes Valley,,,
15,Autumn Glow Alzheimer's Residential,654 Grove Street,15,15,94102,6,75,16300,Hayes Valley,,,
34,Ammel Park Coop,656 Grove St,95,120,94102,6,75,16300,Hayes Valley,,,
254,Grove Street Project,650 Webster Street,2,2,94102,6,75,16300,Hayes Valley,,,
271,Oak Street,484 Oak Street,10,10,94102,6,75,16300,Hayes Valley,,,
521,Hayes Adult Residence,890 HAYES ST,0,115,94117,6,75,16300,Hayes Valley,,,
623,HAYES VALLEY NORTH,705 Hayes St,85,85,94102,6,75,16300,Hayes Valley,,,
630,Hayes Valley Phase I & II,729 Hayes St,83,84,94102,6,75,16300,Hayes Valley,,,
110,Fell Street Apartments,333 Fell Street,82,82,94102,6,75,16200,Hayes Valley,,,
177,Drs. Julian and Raye Richardson Apartments,365 Fulton Street,120,120,94102,6,75,16200,Hayes Valley,,,
243,455 Fell,455 Fell Street,107,108,94102,6,75,16200,Hayes Valley,,,
273,Fulton Mews,443 FULTON ST,4,22,94102,6,75,16200,Hayes Valley,,,
287,Hayes  Gardens,342 HAYES ST,1,14,94102,6,75,16200,Hayes Valley,,,
298,280 Fell / 300 Gough,280 FELL ST,3,33,94102,6,75,16200,Hayes Valley,,,
326,77 Van Ness,77 VAN NESS AVE,6,50,94103,6,75,16200,Hayes Valley,,,
333,525 Gough,525-527 GOUGH ST,3,21,94102,6,75,16200,Hayes Valley,,,
432,300 Ivy,401 GROVE ST,9,63,94102,6,75,16200,Hayes Valley,,,
444,388 Fulton (344 Fulton),388 FULTON ST,8,69,94102,6,75,16200,Hayes Valley,,,
445,450 Hayes,450 HAYES ST,5,24,94102,6,75,16200,Hayes Valley,,,
450,400 Grove,400 GROVE ST,4,34,94102,6,75,16200,Hayes Valley,,,
30,Thomas Paine Square Apartments,1157 Turk Street,98,98,94102,6,75,16102,Western Addition,,,
36,Buchanan Park Apartments,1150 Webster Street,63,68,94115,6,75,16102,Western Addition,,,
59,Frederick Douglas Haynes Gardens Apartments,1049 Golden Gate Ave,103,104,,6,75,16102,Western Addition,,,
66,Loren Miller Homes,950 Buchanan St,26,105,94102,6,75,16102,Western Addition,,,
96,Rosa Parks,1251 Turk Street,202,203,94115,6,75,16102,Western Addition,,,
197,Rosa Parks II,1239 Turk Street,97,98,94115,6,75,16102,Western Addition,,,
628,1353 - 1367 Eddy,1353 - 1367 Eddy,8,8,94115,6,75,16102,Western Addition,,,
6,Junipero Serra House,926 Fillmore St,24,25,94117,6,75,16101,Western Addition,,,
35,Prince Hall Apartments,1170 Mcallister St,92,92,94115,6,75,16101,Western Addition,,,
38,Fellowship Manor,1201 Golden Gate Ave,105,106,94115,6,75,16101,Western Addition,,,
55,EL BETHEL ARMS,1355 Golden Gate Avenue,255,255,94115,6,75,16101,Western Addition,,,
56,EL BETHEL TERRACE,1099 Fillmore St,100,101,94115,6,75,16101,Western Addition,,,
79,Royal Adah Arms,1240 Fillmore St,142,142,94115,6,75,16101,Western Addition,,,
100,Peter Claver Community,1340 Golden Gate Ave.,32,32,94115,6,75,16101,Western Addition,,,
651,Friendship Village One,40 Friendship Way,68,68,94117,6,75,16101,Western Addition,,,
652,Friendship Village Two,40 Friendship Way,90,90,94117,6,75,16101,Western Addition,,,
158,Parkview Terrace Senior Housing,871 Turk Street,100,101,94109,6,75,16000,Western Addition,,,
159,Martin Luther Tower,1001 Franklin Street,96,121,94109,6,75,16000,Western Addition,,,
180,Mary Helen Rogers Senior Community,701 Golden Gate Avenue,99,100,94102,6,75,16000,Western Addition,,,
218,939 & 951 Eddy Street,939 Eddy Street,61,62,94109,6,75,16000,Western Addition,,,
31,Eddy Street Apartments,1096 Eddy St,20,22,94109,6,75,15900,Western Addition,,,
86,Western Park Apartments,1280 Laguna Street,182,182,94115,6,75,15900,Western Addition,,,
115,Fillmore Marketplace,1223 Webster Street,120,120,94115,6,75,15900,Western Addition,,,
135,Plaza East Apartments,1300 Buchanan Street,193,193,94102,6,75,15900,Western Addition,,,
496,Fillmore Center,1475 FILLMORE ST,558,1114,94115,6,75,15900,Western Addition,,,
176,The Zygmunt Arendt House,850 Broderick St.,46,47,94115,6,75,15802,Western Addition,,,
234,1750 McAllister Street,1750 McAllister Street,97,97,94115,6,75,15802,Western Addition,,,
582,Rafiki House,1761 TURK ST,0,11,94115,6,75,15802,Western Addition,,,
3,Laurel Gardens Apartments,1555 Turk Street,51,52,94115,6,75,15801,Western Addition,,,
11,Martin Luther King/Marcus Garvey Square,1680 Eddy St,211,211,94115,6,75,15801,Western Addition,,,
220,Robert Pitts,1150 Scott Street,199,201,94115,6,75,15801,Western Addition,,,
550,Positive Match,1652 EDDY ST,7,7,94115,6,75,15801,Western Addition,,,
553,Tabernacle Vista Apartments,2139 O'FARRELL ST,21,21,94115,6,75,15801,Western Addition,,,
583,Ferguson Place,1249 SCOTT ST,12,12,94115,6,75,15801,Western Addition,,,
646,Midtown Park Apartments,1415 Scott St,140,140,94115,6,75,15801,Western Addition,,,
304,Village at Petrini Place,2001 MCALLISTER ST,13,134,94117,6,75,15702,Lone Mountain/USF,,,
520,Baker's Dozen,733 BAKER ST,0,13,94115,6,75,15702,Lone Mountain/USF,,,
527,1912 McAllister,1912 MCALLISTER ST,0,0,94115,6,75,15702,Lone Mountain/USF,,,
576,McAllister Street Co-ops,1840 MCALLISTER ST,0,10,94115,6,75,15702,Lone Mountain/USF,,,
531,1761-1765 Page,1761 PAGE ST,13,13,94117,6,75,16602,Haight Ashbury,,,
634,520 Shrader,520 Shrader St,7,0,,6,75,16602,Haight Ashbury,,,
522,St. Olga's Home,275 COLLINS ST,0,10,94118,6,75,15701,Lone Mountain/USF,,,
675,USF - Loyola Village,600 ANZA BLVD,17,136,94118,6,75,15701,Lone Mountain/USF,,,
677,118 Wood,2743-2761 GEARY ST,2,22,94103,6,75,15701,Lone Mountain/USF,,,
175,The Coronet,3575 Geary Blvd.,148,150,94118,6,75,15600,Lone Mountain/USF,,,
676,3445 Geary (PM Name 3425 Geary),3425 GEARY BLVD,3,33,94118,6,75,15600,Lone Mountain/USF,,,
21,Golden Gate Apartments,1820 Post Street,71,72,94115,6,75,15500,Japantown,,,
29,Nihonmachi Terrace,1615 Sutter Street,243,245,94109,6,75,15500,Japantown,,,
61,Jones Memorial Homes I,1640 Steiner St,32,32,94115,6,75,15500,Japantown,,,
62,Jones Memorial Homes II,1950 Post St,101,103,94115,6,75,15500,Japantown,,,
63,Jones Senior Homes,1727 Fillmore St,51,51,94115,6,75,15500,Japantown,,,
227,Westside Courts,2501 Sutter Street,134,135,94155,6,75,15500,Japantown,,,
336,2000 Post III,2161 SUTTER ST,3,24,94115,6,75,15500,Japantown,,,
207,John Burton Foundation Housing Complex,800 Presido Avenue,49,50,94115,6,75,15401,Presidio Heights,,,
402,2829 California,2829 CALIFORNIA ST,2,13,94115,6,75,15300,Pacific Heights,,,
571,Rose Court,2501 PINE ST,13,19,94115,6,75,15300,Pacific Heights,,,
216,1880 Pine,1880 Pine Street,112,113,94109,6,75,15201,Pacific Heights,,,
229,1760 Bush,1760 Bush Street,107,108,94109,6,75,15201,Pacific Heights,,,
548,Coventry Place,1550 SUTTER ST,34,169,94109,6,75,15201,Pacific Heights,,,
562,Kokoro Assisted Living Facility,1881-1899 BUSH ST,37,54,94109,6,75,15201,Pacific Heights,,,
83,Sutter Apartments,1480 Sutter St,67,68,94109,6,75,15100,Western Addition,,,
455,1634-1690 Pine,1634-1690 PINE ST,31,261,94109,6,75,15100,Western Addition,,,
233,JFK Tower,2451 Sacramento Street,97,98,94115,6,75,13500,Pacific Heights,,,
232,2698 California,2698 California Street,39,40,94115,6,75,13401,Pacific Heights,,,
560,Chinese American Citizens Alliance -S.F.,843 CLAY ST,23,26,94108,6,75,13401,Pacific Heights,,,
642,937-949 Clay,937 Clay St,70,0,,6,75,13401,Pacific Heights,,,
68,MENORAH PARK,3365 Sacramento St,151,151,94118,6,75,13300,Presidio Heights,,,
305,Magnolia Place,1888 LOMBARD ST,3,27,94123,6,75,12902,Marina,,,
71,Namiki Apartments,1776 Sutter Street,33,34,94115,6,75,15202,Pacific Heights,,,
473,1463 Lombard,1463 LOMBARD ST,3,14,94123,6,75,12901,Marina,,,
368,3208 Pierce,2298 LOMBARD ST,1,14,94123,6,75,12802,Marina,,,
391,3190 Scott,3190 SCOTT ST,1,12,94123,6,75,12802,Marina,,,
78,Presidio Gate,2770 Lombard St,54,55,94123,6,75,12801,Marina,,,
193,Edward II Rehab,3155 Scott Street,24,25,94123,6,75,12801,Marina,,,
23,Dorothy Day Community,54 McAllister Street,99,100,94102,6,75,12504,Tenderloin,,,
95,121 Golden Gate Avenue Senior Community,121 Golden Gate Avenue,89,90,94102,6,75,12504,Tenderloin,,,
167,Civic Center Residence,44 McAllister Street,211,212,94102,6,75,12504,Tenderloin,,,
367,Book Concern Building,83 - 91 MCALLISTER ST,6,60,94117,6,75,12504,Tenderloin,,,
47,Turk/Eddy Preservation Project (165 Turk),165 Turk Street,27,27,94102,6,75,12503,Tenderloin,,,
106,Tenderloin Family Housing,201 Turk Street,174,175,94102,6,75,12503,Tenderloin,,,
107,111 Jones Street Apartments,111 Jones Street,108,108,94102,6,75,12503,Tenderloin,,,
125,Lyric Hotel,140 Jones Street,58,58,94102,6,75,12503,Tenderloin,,,
136,Ambassador Hotel,55 Mason Street,134,134,94102,6,75,12503,Tenderloin,,,
138,Dalt Hotel,34 Turk Street,178,178,94102,6,75,12503,Tenderloin,,,
139,The West Hotel,141 Eddy Street,104,105,94102,6,75,12503,Tenderloin,,,
170,125 Mason Street,125 Mason Street,80,81,94102,6,75,12503,Tenderloin,,,
173,Mason Street Housing,149 Mason Street,55,56,94102,6,75,12503,Tenderloin,,,
240,Eddy & Taylor Family Housing,210 Taylor Street,112,113,94102,6,75,12503,Tenderloin,,,
346,Lofts@One Powell (10 Cyril Magnin),1 POWELL ST,4,40,94102,6,75,12503,Tenderloin,,,
360,Garfield Building,938-942 MARKET ST,13,28,94102,6,75,12503,Tenderloin,,,
513,San Cristina,1000 MARKET ST,58,58,94102,6,75,12503,Tenderloin,,,
514,William Penn Hotel,160 EDDY ST,89,91,94102,6,75,12503,Tenderloin,,,
12,Marlton Manor,240 Jones Street,150,151,94102,6,75,12502,Tenderloin,,,
13,Alexander Residence,230 Eddy Street,178,179,94102,6,75,12502,Tenderloin,,,
40,Antonia Manor,180 Turk Street,133,133,94102,6,75,12502,Tenderloin,,,
41,Presentation Senior Housing,301 Ellis Street,92,93,94102,6,75,12502,Tenderloin,,,
46,Turk/Eddy Preservation Project (249 Eddy),249 Eddy Street,55,55,94102,6,75,12502,Tenderloin,,,
65,Lassen Apartments,441 Ellis Street,80,81,94102,6,75,12502,Tenderloin,,,
76,Padre Apts,241 Jones St,41,41,94102,6,75,12502,Tenderloin,,,
81,Herald Hotel,308 Eddy Street,72,73,94102,6,75,12502,Tenderloin,,,
102,The Cambridge Rehab,473 Ellis Street,60,60,94102,6,75,12502,Tenderloin,,,
118,205 Jones Street Apartments,205 Jones Street,50,51,94102,6,75,12502,Tenderloin,,,
152,Curran House,145 Taylor Street,66,67,94102,6,75,12502,Tenderloin,,,
163,The Salvation Army Railton Place,230 Turk Street,110,113,94102,6,75,12502,Tenderloin,,,
190,Franciscan Towers,217 Eddy Street,104,105,94102,6,75,12502,Tenderloin,,,
255,Hamlin Hotel,385 Eddy Street,67,67,94102,6,75,12502,Tenderloin,,,
269,Cadillac Hotel,380 Eddy Street,158,158,94102,6,75,12502,Tenderloin,,,
480,The Nathan Building,340 EDDY ST,66,82,94102,6,75,12502,Tenderloin,,,
515,Ritz Hotel,216 EDDY ST,88,89,94102,6,75,12502,Tenderloin,,,
518,375 Eddy,375 EDDY ST,32,35,94102,6,75,12502,Tenderloin,,,
633,Barcelona Apts,270 Turk St,86,0,,6,75,12502,Tenderloin,,,
54,Eastern Park Apartments,711 Eddy Street,201,202,94109,6,75,12406,Tenderloin,,,
169,Arnett Watson Apartments,650 Eddy Street,83,83,94109,6,75,12406,Tenderloin,,,
259,555 Larkin/500-520 Turk,555 Larkin Street,107,108,94102,6,75,12406,Tenderloin,,,
330,Symphony Towers,750 VAN NESS AVE,16,130,94102,6,75,12406,Tenderloin,,,
387,Artani,818 VAN NESS AVE,2,52,94109,6,75,12406,Tenderloin,,,
495,735 Ellis,735 ELLIS ST,30,30,94109,6,75,12406,Tenderloin,,,
126,Plaza-Ramona Apartments,250 McAllister Street,61,63,94102,6,75,12405,Tenderloin,,,
317,Argenta,1 POLK ST,9,179,94102,6,75,12405,Tenderloin,,,
443,101 Polk,101 POLK ST,19,162,94102,6,75,12405,Tenderloin,,,
448,"100 Van Ness, Phase I",100 VAN NESS AVE,48,400,94102,6,75,12405,Tenderloin,,,
465,"100 Van Ness, Phase II",100 VAN NESS AVE,2,18,94102,6,75,12405,Tenderloin,,,
466,150 Van Ness,150 VAN NESS AVE,50,420,94102,6,75,12405,Tenderloin,,,
117,555 Ellis Street Family Apartments,555 Ellis Street,37,38,94109,6,75,12404,Tenderloin,,,
182,220 Golden Gate Avenue,220 Golden Gate Avenue,172,174,94102,6,75,12404,Tenderloin,,,
257,Eddy St Senior,430 Eddy Street,22,23,94109,6,75,12404,Tenderloin,,,
263,Senator Residence,519 Ellis Street,89,89,94102,6,75,12404,Tenderloin,,,
401,168 Hyde,168 HYDE ST,3,31,94102,6,75,12404,Tenderloin,,,
485,Aarti Hotel,391 LEAVENWORTH ST,40,40,94109,6,75,12404,Tenderloin,,,
491,Yosemite Apartments,480 EDDY ST,20,32,94109,6,75,12404,Tenderloin,,,
510,Midori Hotel,240 HYDE ST,77,77,94102,6,75,12404,Tenderloin,,,
543,CATS Eddy Street Apartments (CATS),425 EDDY ST,25,25,94102,6,75,12404,Tenderloin,,,
544,Cameo Apartments,481 EDDY ST,30,31,94102,6,75,12404,Tenderloin,,,
575,Curry Senior Center Apartments,315 TURK ST,13,14,94102,6,75,12404,Tenderloin,,,
588,308 Turk Street,308 TURK ST,20,20,94102,6,75,12404,Tenderloin,,,
678,348 Hyde,336 HYDE ST,1,12,94109,6,75,12404,Tenderloin,,,
53,Crescent Manor Apartments,467 Turk Street,93,94,94102,6,75,12403,Tenderloin,,,
144,421 Turk Street Apartments,421 Turk Street,28,29,94102,6,75,12403,Tenderloin,,,
184,Madonna,350 Golden Gate Avenue,69,70,94102,6,75,12403,Tenderloin,,,
219,430 Turk Street,430 Turk Street,89,89,94102,6,75,12403,Tenderloin,,,
519,575 Eddy,575 EDDY ST,42,47,94102,6,75,12403,Tenderloin,,,
546,Larkin St Assisted Care Program,129 HYDE ST,12,12,94102,6,75,12403,Tenderloin,,,
270,Saint Claire Hotel,585 Geary Street,41,41,94102,6,75,12302,Tenderloin,,,
505,Geary Courtyard,639 GEARY ST,19,164,94102,6,75,12302,Tenderloin,,,
568,Tower 737 (aka Post St Towers),737 POST ST,28,248,94109,6,75,12302,Tenderloin,,,
42,O'Farrell Towers,477 O'Farrell Street,100,101,94102,6,75,12301,Tenderloin,,,
67,Maria Manor,174 Ellis Street,118,119,94102,6,75,12301,Tenderloin,,,
91,Cecil Williams Glide Community House,333 Taylor Street,52,53,94102,6,75,12301,Tenderloin,,,
155,Klimm Apartments,460 Ellis Street,41,42,94102,6,75,12301,Tenderloin,,,
181,Arlington Hotel,480 Ellis Street,153,154,94102,6,75,12301,Tenderloin,,,
187,450 ELLIS STREET APTS,450 Ellis Street,24,29,94102,6,75,12301,Tenderloin,,,
230,350 Ellis,350 Ellis Street,96,96,94102,6,75,12301,Tenderloin,,,
509,525 O'Farrell Street,525 O'FARRELL ST,25,26,94102,6,75,12301,Tenderloin,,,
382,1158 Sutter,1158 SUTTER ST,1,14,94108,6,75,12001,Nob Hill,,,
414,Blanc,1080 SUTTER ST,4,35,94109,6,75,12001,Nob Hill,,,
456,1433 Bush,1433 BUSH ST,6,40,94109,6,75,12001,Nob Hill,,,
468,1238 Sutter,1238 SUTTER ST,4,37,94109,6,75,12001,Nob Hill,,,
396,725 Pine,725 PINE ST,2,22,94108,6,75,11902,Nob Hill,,,
541,Mary Elizabeth Inn,1040 BUSH ST,88,92,94109,6,75,11901,Nob Hill,,,
343,Landmark Union Sq.,333 GRANT AVE,2,39,94108,6,75,11700,Financial District/South Beach,,,
345,Odeon,150 POWELL ST,3,29,94102,6,75,11700,Financial District/South Beach,,,
371,The Royal,201 SANSOME ST,5,46,94104,6,75,11700,Financial District/South Beach,,,
20,Mei Lun Yuen,945 Sacramento St,185,185,94108,6,75,11300,Chinatown,,,
89,"YWCA APARTMENTS, INC.",940 Powell St,97,98,94108,6,75,11300,Chinatown,,,
261,Consorcia Apartments,1204 Mason Street,23,24,94108,6,75,11300,Chinatown,,,
616,1201 Powell Street,1201 POWELL ST,17,17,94133,6,75,11300,Chinatown,,,
111,Larkin Pine Senior Housing,1303 Larkin St,62,63,94109,6,75,11102,Nob Hill,,,
149,Leland Polk Senior Community,1315 Polk Street,71,72,94109,6,75,11102,Nob Hill,,,
315,The Midtown,1452 BUSH ST,2,22,94109,6,75,11102,Nob Hill,,,
460,1527-1545 Pine (The Austin),1527-45 PINE ST,12,100,94109,6,75,11102,Nob Hill,,,
526,1370 California Apartments,1370 CALIFORNIA ST,48,49,94109,6,75,11101,Nob Hill,,,
404,1355 Pacific,1355 PACIFIC AVE,2,23,94109,6,75,11002,Russian Hill,,,
420,1645 Pacific,1645 PACIFIC AVE,5,39,94109,6,75,11002,Russian Hill,,,
352,1725 Washington,1725 WASHINGTON ST,2,16,94109,6,75,11001,Russian Hill,,,
434,Marlow,1800 VAN NESS AVE,15,98,94109,6,75,11001,Russian Hill,,,
493,Chinese Community Church of San Francisco,1535 JACKSON ST,10,18,94109,6,75,11001,Russian Hill,,,
674,Pacific Homes (AKA 1800 Washington and 1701 Jackson),1901 VAN NESS AVE,6,149,94109,6,75,11001,Russian Hill,,,
73,Notre Dame Apartments,1590 Broadway Street,201,204,94109,6,75,10902,Russian Hill,,,
129,2300 Van Ness Ave. Apartments,2300 Van Ness Avenue,22,22,94109,6,75,10902,Russian Hill,,,
323,The Redstone,1450 GREENWICH ST,4,24,94109,6,75,10201,Russian Hill,,,
142,North Beach Place,567 Bay Street,341,341,94133,6,75,10102,North Beach,,,
283,Villa North Beach,690 CHESTNUT ST,4,117,94133,6,75,10102,North Beach,,,
362,329 Bay,329 BAY ST,2,21,94133,6,75,10102,North Beach,,,
366,520 Chestnut,520 CHESTNUT ST,2,20,94133,6,75,10102,North Beach,,,
87,Wharf Plaza I,150 Francisco St,116,116,94133,6,75,10101,North Beach,,,
88,Wharf Plaza II,155 Francisco Street,114,114,94133,6,75,10101,North Beach,,,
151,The Arc Apartments,416 Bay Street,8,9,94109,6,75,10101,North Beach,,,
213,227 Bay Street,227 Bay Street,49,50,94133,6,75,10101,North Beach,,,
372,Northpoint Apartments,2351 POWELL ST,9,72,94133,6,75,10101,North Beach,,,
48,Bayside Elderly Housing,777 Broadway Street,31,31,94133,6,75,10701,Chinatown,,,
75,On Lok House,1441 Powell Street,54,54,94109,6,75,10701,Chinatown,,,
214,990 Pacific Avenue,990 Pacific Avenue,91,92,94133,6,75,10701,Chinatown,,,
236,Ping Yuen North,838 Pacific Avenue,199,200,94133,6,75,10701,Chinatown,,,
268,Swiss American Hotel,534-540 Broadway,66,66,94133,6,75,10600,North Beach,,,
487,Tower Hotel,1525 GRANT AVE,17,33,94133,6,75,10600,North Beach,,,
600,462 Green Street,462 GREEN ST,6,6,94133,6,75,10600,North Beach,,,
157,Broadway Family Apartments,810 Battery Street,80,81,94108,6,75,10500,Financial District/South Beach,,,
191,Broadway Sansome Apartments,255 Broadway,74,75,94111,6,75,10500,Financial District/South Beach,,,
249,88 Broadway,88 Broadway Street,114,125,94111,6,75,10500,Financial District/South Beach,,,
250,735 Davis,735 Davis St,52,53,94111,6,75,10500,Financial District/South Beach,,,
7,Lady Shaw Senior Center,1483 Mason St,69,70,94133,6,75,10800,Nob Hill,,,
166,Hotel Essex,684 Ellis Street,84,84,94109,6,75,12203,Tenderloin,,,
212,666 Ellis Street,666 Ellis Street,99,100,94109,6,75,12203,Tenderloin,,,
293,949 Post,949 POST ST,24,24,94109,6,75,12203,Tenderloin,,,
133,Ellis Street Apartments,864 Ellis Street,24,25,94102,6,75,12202,Tenderloin,,,
162,Polk & Geary Senior Housing,990 Polk Street,109,110,94109,6,75,12202,Tenderloin,,,
265,Jordan Apartments,820 O'Farrell Street,54,55,94109,6,75,12202,Tenderloin,,,
309,900 Van Ness,900 VAN NESS AVE,3,28,94109,6,75,12202,Tenderloin,,,
479,719 Larkin St,719 LARKIN ST,6,42,94109,6,75,12202,Tenderloin,,,
538,Iroquois Hotel,835 O'FARRELL ST,73,73,94109,6,75,12202,Tenderloin,,,
573,Hartland Hotel,909 GEARY ST,136,136,94109,6,75,12202,Tenderloin,,,
585,Marathon Hotel,710 ELLIS ST,10,44,94103,6,75,12202,Tenderloin,,,
392,723 Taylor,723 TAYLOR ST,1,12,94108,6,75,12100,Nob Hill,,,
403,901 Bush,901 BUSH ST,5,38,94109,6,75,12100,Nob Hill,,,
452,832 Sutter,832 SUTTER ST,2,20,94109,6,75,12100,Nob Hill,,,
311,3375 17th,3371 17TH ST,2,24,94110,6,75,20802,Mission,,,
322,2200 Mission,2200 MISSION ST,3,23,94110,6,75,20802,Mission,,,
469,600 S. Van Ness,600 SOUTH VAN NESS AVE,4,27,94110,6,75,20802,Mission,,,
481,3434 18th,3434 18TH ST,8,8,94110,6,75,20802,Mission,,,
508,Leandro Soto Apartments,2155 MISSION ST,48,48,94110,6,75,20802,Mission,,,
610,2217 Mission Street,2217 MISSION ST,8,8,94110,6,75,20802,Mission,,,
637,2260 Mission St,2260 Mission St,6,0,,6,75,20802,Mission,,,
161,1030 Post Street Apartments,1030 Post Street,62,63,94109,6,75,12002,Nob Hill,,,
502,City Heights Apts (aka Avalon Nob Hill),840 POST ST,37,185,94109,6,75,12002,Nob Hill,,,
654,Progress Apartments,1272 S. Van Ness Ave,12,12,94110,6,75,12002,Nob Hill,,,
307,545 Lenworth,545 LEAVENWORTH ST,1,12,94109,6,75,12204,Tenderloin,,,
490,Sierra Madre,421 LEAVENWORTH ST,46,47,94109,6,75,12204,Tenderloin,,,
202,Alice Griffith Phase 1,2600 Arelious Walker Drive,89,93,94121,6,75,23400,Bayview Hunters Point,,,
203,Alice Griffith Phase 2,2700 Arelious Walker Drive,90,91,94121,6,75,23400,Bayview Hunters Point,,,
205,Alice Griffith Phase 3B,2500 Arelious Walker Drive,39,40,94121,6,75,23400,Bayview Hunters Point,,,
221,Alice Griffith Phase 3A,2500 Arelious Walker Drive,80,82,94124,6,75,23400,Bayview Hunters Point,,,
242,Alice Griffith Phase 4,2800 Arelious Walker Drive,31,31,94124,6,75,23400,Bayview Hunters Point,,,
649,Bayview Senior Housing,5545 Third Street,53,54,94124,6,75,23400,Bayview Hunters Point,,,
681,True Hope Square,950 GILMAN ST,20,20,94124,6,75,23400,Bayview Hunters Point,,,
